{
    "deflections": {
        "AX": 80.0,
        "CDD": 0.0,
        "H1": 0.0,
        "H2": 80.0,
        "L1": 320.0,
        "L2": 115.0
    },
    "gains": {
        "AX": 1.0228654,
        "CDD": 0.0,
        "H1": 1.0,
        "H2": 1.0117874,
        "L1": 1.0185828,
        "L2": 1.0998014
    },
    "settings": [],
    "spectrometer": {}
}