{
    "deflections": {
        "AX": 150.0,
        "CDD": 0.0,
        "H1": 0.0,
        "H2": 80.0,
        "L1": 320.0,
        "L2": 650.0
    },
    "gains": {
        "AX": 1.0229629,
        "CDD": 0.0,
        "H1": 1.0,
        "H2": 1.0116448,
        "L1": 1.0183176,
        "L2": 1.0915312
    },
    "settings": [],
    "spectrometer": {}
}